-- Step 02: create and populate staging tables.
-- Run this file top-to-bottom after 01_create_income_schema.sql.
--
-- Correct result:
--   The income_stage schema should contain five populated staging tables.
--   This file uses plain PostgreSQL INSERT statements generated from the
--   project CSV files, so the user does not need pgAdmin Import/Export,
--   psql \copy, or manual partial-file execution.
--
-- After this file succeeds, run 03_normalize_staged_income_data.sql.

CREATE SCHEMA IF NOT EXISTS income_stage;

CREATE TABLE IF NOT EXISTS income_stage.dspi (
  observation_date DATE,
  dspi NUMERIC
);

CREATE TABLE IF NOT EXISTS income_stage.fodsp (
  observation_date DATE,
  fodsp NUMERIC
);

CREATE TABLE IF NOT EXISTS income_stage.mehoinusa646n (
  observation_date DATE,
  mehoinusa646n NUMERIC
);

CREATE TABLE IF NOT EXISTS income_stage.pi (
  observation_date DATE,
  pi NUMERIC
);

CREATE TABLE IF NOT EXISTS income_stage.rpi (
  observation_date DATE,
  rpi NUMERIC
);

-- Re-running this file refreshes staging data from the INSERT statements below.
TRUNCATE TABLE
  income_stage.dspi,
  income_stage.fodsp,
  income_stage.mehoinusa646n,
  income_stage.pi,
  income_stage.rpi;

-- Populates income_stage.dspi from CSV_Data_Files/DSPI.csv.
INSERT INTO income_stage.dspi (observation_date, dspi)
VALUES
  (DATE '2000-01-01', 7149.3),
  (DATE '2000-02-01', 7199.7),
  (DATE '2000-03-01', 7249.8),
  (DATE '2000-04-01', 7280.3),
  (DATE '2000-05-01', 7316.5),
  (DATE '2000-06-01', 7361.9),
  (DATE '2000-07-01', 7419.9),
  (DATE '2000-08-01', 7465.6),
  (DATE '2000-09-01', 7506.6),
  (DATE '2000-10-01', 7538.4),
  (DATE '2000-11-01', 7552.2),
  (DATE '2000-12-01', 7579.4),
  (DATE '2001-01-01', 7651.7),
  (DATE '2001-02-01', 7672.4),
  (DATE '2001-03-01', 7696.3),
  (DATE '2001-04-01', 7693.8),
  (DATE '2001-05-01', 7700.2),
  (DATE '2001-06-01', 7716.5),
  (DATE '2001-07-01', 7829.0),
  (DATE '2001-08-01', 7958.2),
  (DATE '2001-09-01', 7863.3),
  (DATE '2001-10-01', 7751.2),
  (DATE '2001-11-01', 7755.0),
  (DATE '2001-12-01', 7761.5),
  (DATE '2002-01-01', 7931.2),
  (DATE '2002-02-01', 7957.1),
  (DATE '2002-03-01', 7984.4),
  (DATE '2002-04-01', 8044.6),
  (DATE '2002-05-01', 8082.0),
  (DATE '2002-06-01', 8116.2),
  (DATE '2002-07-01', 8113.3),
  (DATE '2002-08-01', 8130.8),
  (DATE '2002-09-01', 8153.5),
  (DATE '2002-10-01', 8190.0),
  (DATE '2002-11-01', 8220.6),
  (DATE '2002-12-01', 8250.8),
  (DATE '2003-01-01', 8268.0),
  (DATE '2003-02-01', 8274.7),
  (DATE '2003-03-01', 8313.4),
  (DATE '2003-04-01', 8342.9),
  (DATE '2003-05-01', 8394.8),
  (DATE '2003-06-01', 8426.0),
  (DATE '2003-07-01', 8552.3),
  (DATE '2003-08-01', 8640.1),
  (DATE '2003-09-01', 8568.6),
  (DATE '2003-10-01', 8602.1),
  (DATE '2003-11-01', 8664.9),
  (DATE '2003-12-01', 8690.8),
  (DATE '2004-01-01', 8719.7),
  (DATE '2004-02-01', 8753.9),
  (DATE '2004-03-01', 8802.8),
  (DATE '2004-04-01', 8849.0),
  (DATE '2004-05-01', 8922.0),
  (DATE '2004-06-01', 8952.9),
  (DATE '2004-07-01', 8981.0),
  (DATE '2004-08-01', 9012.9),
  (DATE '2004-09-01', 9034.6),
  (DATE '2004-10-01', 9075.8),
  (DATE '2004-11-01', 9081.3),
  (DATE '2004-12-01', 9419.8),
  (DATE '2005-01-01', 9082.2),
  (DATE '2005-02-01', 9109.5),
  (DATE '2005-03-01', 9169.2),
  (DATE '2005-04-01', 9223.7),
  (DATE '2005-05-01', 9268.6),
  (DATE '2005-06-01', 9293.1),
  (DATE '2005-07-01', 9342.1),
  (DATE '2005-08-01', 9394.8),
  (DATE '2005-09-01', 9452.2),
  (DATE '2005-10-01', 9520.0),
  (DATE '2005-11-01', 9559.6),
  (DATE '2005-12-01', 9588.8),
  (DATE '2006-01-01', 9732.7),
  (DATE '2006-02-01', 9781.2),
  (DATE '2006-03-01', 9837.6),
  (DATE '2006-04-01', 9880.7),
  (DATE '2006-05-01', 9900.9),
  (DATE '2006-06-01', 9938.1),
  (DATE '2006-07-01', 9967.9),
  (DATE '2006-08-01', 9990.9),
  (DATE '2006-09-01', 10018.2),
  (DATE '2006-10-01', 10039.9),
  (DATE '2006-11-01', 10084.2),
  (DATE '2006-12-01', 10168.2),
  (DATE '2007-01-01', 10200.4),
  (DATE '2007-02-01', 10265.8),
  (DATE '2007-03-01', 10337.0),
  (DATE '2007-04-01', 10376.5),
  (DATE '2007-05-01', 10412.7),
  (DATE '2007-06-01', 10429.1),
  (DATE '2007-07-01', 10456.3),
  (DATE '2007-08-01', 10467.3),
  (DATE '2007-09-01', 10524.1),
  (DATE '2007-10-01', 10547.9),
  (DATE '2007-11-01', 10594.8),
  (DATE '2007-12-01', 10663.8),
  (DATE '2008-01-01', 10705.5),
  (DATE '2008-02-01', 10731.1),
  (DATE '2008-03-01', 10765.4),
  (DATE '2008-04-01', 10745.4),
  (DATE '2008-05-01', 11322.5),
  (DATE '2008-06-01', 11117.6),
  (DATE '2008-07-01', 10999.7),
  (DATE '2008-08-01', 10929.5),
  (DATE '2008-09-01', 10964.1),
  (DATE '2008-10-01', 10973.7),
  (DATE '2008-11-01', 10937.5),
  (DATE '2008-12-01', 10826.1),
  (DATE '2009-01-01', 10891.5),
  (DATE '2009-02-01', 10805.4),
  (DATE '2009-03-01', 10794.3),
  (DATE '2009-04-01', 10878.0),
  (DATE '2009-05-01', 11048.4),
  (DATE '2009-06-01', 10912.3),
  (DATE '2009-07-01', 10864.9),
  (DATE '2009-08-01', 10875.2),
  (DATE '2009-09-01', 10924.7),
  (DATE '2009-10-01', 10932.5),
  (DATE '2009-11-01', 10987.9),
  (DATE '2009-12-01', 11044.5),
  (DATE '2010-01-01', 11073.7),
  (DATE '2010-02-01', 11079.0),
  (DATE '2010-03-01', 11138.2),
  (DATE '2010-04-01', 11240.7),
  (DATE '2010-05-01', 11328.4),
  (DATE '2010-06-01', 11327.3),
  (DATE '2010-07-01', 11345.9),
  (DATE '2010-08-01', 11395.1),
  (DATE '2010-09-01', 11405.0),
  (DATE '2010-10-01', 11443.8),
  (DATE '2010-11-01', 11478.1),
  (DATE '2010-12-01', 11573.0),
  (DATE '2011-01-01', 11662.3),
  (DATE '2011-02-01', 11728.2),
  (DATE '2011-03-01', 11744.3),
  (DATE '2011-04-01', 11774.2),
  (DATE '2011-05-01', 11795.2),
  (DATE '2011-06-01', 11840.7),
  (DATE '2011-07-01', 11906.1),
  (DATE '2011-08-01', 11928.6),
  (DATE '2011-09-01', 11928.6),
  (DATE '2011-10-01', 11938.4),
  (DATE '2011-11-01', 11954.4),
  (DATE '2011-12-01', 12069.5),
  (DATE '2012-01-01', 12175.6),
  (DATE '2012-02-01', 12261.2),
  (DATE '2012-03-01', 12319.4),
  (DATE '2012-04-01', 12382.9),
  (DATE '2012-05-01', 12365.1),
  (DATE '2012-06-01', 12344.6),
  (DATE '2012-07-01', 12257.1),
  (DATE '2012-08-01', 12262.1),
  (DATE '2012-09-01', 12386.3),
  (DATE '2012-10-01', 12507.6),
  (DATE '2012-11-01', 12664.4),
  (DATE '2012-12-01', 12973.2),
  (DATE '2013-01-01', 12238.4),
  (DATE '2013-02-01', 12251.7),
  (DATE '2013-03-01', 12272.1),
  (DATE '2013-04-01', 12298.9),
  (DATE '2013-05-01', 12365.9),
  (DATE '2013-06-01', 12394.8),
  (DATE '2013-07-01', 12397.0),
  (DATE '2013-08-01', 12441.9),
  (DATE '2013-09-01', 12503.0),
  (DATE '2013-10-01', 12468.6),
  (DATE '2013-11-01', 12510.6),
  (DATE '2013-12-01', 12551.8),
  (DATE '2014-01-01', 12636.2),
  (DATE '2014-02-01', 12708.5),
  (DATE '2014-03-01', 12798.5),
  (DATE '2014-04-01', 12870.0),
  (DATE '2014-05-01', 12932.6),
  (DATE '2014-06-01', 12993.0),
  (DATE '2014-07-01', 13037.2),
  (DATE '2014-08-01', 13093.2),
  (DATE '2014-09-01', 13137.0),
  (DATE '2014-10-01', 13195.9),
  (DATE '2014-11-01', 13255.0),
  (DATE '2014-12-01', 13323.7),
  (DATE '2015-01-01', 13335.7),
  (DATE '2015-02-01', 13408.1),
  (DATE '2015-03-01', 13397.8),
  (DATE '2015-04-01', 13439.5),
  (DATE '2015-05-01', 13494.8),
  (DATE '2015-06-01', 13529.3),
  (DATE '2015-07-01', 13572.5),
  (DATE '2015-08-01', 13602.8),
  (DATE '2015-09-01', 13619.5),
  (DATE '2015-10-01', 13643.6),
  (DATE '2015-11-01', 13648.6),
  (DATE '2015-12-01', 13702.2),
  (DATE '2016-01-01', 13767.2),
  (DATE '2016-02-01', 13773.8),
  (DATE '2016-03-01', 13806.0),
  (DATE '2016-04-01', 13822.6),
  (DATE '2016-05-01', 13834.7),
  (DATE '2016-06-01', 13868.1),
  (DATE '2016-07-01', 13924.8),
  (DATE '2016-08-01', 13960.5),
  (DATE '2016-09-01', 14019.0),
  (DATE '2016-10-01', 14073.7),
  (DATE '2016-11-01', 14116.1),
  (DATE '2016-12-01', 14180.1),
  (DATE '2017-01-01', 14294.2),
  (DATE '2017-02-01', 14356.4),
  (DATE '2017-03-01', 14408.5),
  (DATE '2017-04-01', 14468.8),
  (DATE '2017-05-01', 14563.6),
  (DATE '2017-06-01', 14583.9),
  (DATE '2017-07-01', 14630.7),
  (DATE '2017-08-01', 14681.5),
  (DATE '2017-09-01', 14764.1),
  (DATE '2017-10-01', 14826.3),
  (DATE '2017-11-01', 14870.2),
  (DATE '2017-12-01', 14918.8),
  (DATE '2018-01-01', 15064.6),
  (DATE '2018-02-01', 15132.0),
  (DATE '2018-03-01', 15202.6),
  (DATE '2018-04-01', 15271.7),
  (DATE '2018-05-01', 15349.7),
  (DATE '2018-06-01', 15425.7),
  (DATE '2018-07-01', 15508.8),
  (DATE '2018-08-01', 15574.8),
  (DATE '2018-09-01', 15605.6),
  (DATE '2018-10-01', 15670.2),
  (DATE '2018-11-01', 15717.7),
  (DATE '2018-12-01', 15925.0),
  (DATE '2019-01-01', 15947.1),
  (DATE '2019-02-01', 16001.2),
  (DATE '2019-03-01', 16043.6),
  (DATE '2019-04-01', 16055.6),
  (DATE '2019-05-01', 16065.5),
  (DATE '2019-06-01', 16103.7),
  (DATE '2019-07-01', 16145.0),
  (DATE '2019-08-01', 16238.4),
  (DATE '2019-09-01', 16282.7),
  (DATE '2019-10-01', 16332.8),
  (DATE '2019-11-01', 16400.2),
  (DATE '2019-12-01', 16358.1),
  (DATE '2020-01-01', 16552.7),
  (DATE '2020-02-01', 16625.5),
  (DATE '2020-03-01', 16370.4),
  (DATE '2020-04-01', 18703.3),
  (DATE '2020-05-01', 17780.7),
  (DATE '2020-06-01', 17774.4),
  (DATE '2020-07-01', 17987.1),
  (DATE '2020-08-01', 17344.6),
  (DATE '2020-09-01', 17471.8),
  (DATE '2020-10-01', 17424.0),
  (DATE '2020-11-01', 17239.3),
  (DATE '2020-12-01', 17327.5),
  (DATE '2021-01-01', 19306.1),
  (DATE '2021-02-01', 17776.2),
  (DATE '2021-03-01', 21959.4),
  (DATE '2021-04-01', 18741.2),
  (DATE '2021-05-01', 18299.5),
  (DATE '2021-06-01', 18306.9),
  (DATE '2021-07-01', 18511.8),
  (DATE '2021-08-01', 18547.5),
  (DATE '2021-09-01', 18401.3),
  (DATE '2021-10-01', 18529.1),
  (DATE '2021-11-01', 18600.5),
  (DATE '2021-12-01', 18631.4),
  (DATE '2022-01-01', 18277.5),
  (DATE '2022-02-01', 18387.6),
  (DATE '2022-03-01', 18457.9),
  (DATE '2022-04-01', 18511.9),
  (DATE '2022-05-01', 18601.3),
  (DATE '2022-06-01', 18734.1),
  (DATE '2022-07-01', 18975.2),
  (DATE '2022-08-01', 19141.5),
  (DATE '2022-09-01', 19276.0),
  (DATE '2022-10-01', 19428.1),
  (DATE '2022-11-01', 19509.7),
  (DATE '2022-12-01', 19625.4),
  (DATE '2023-01-01', 20121.6),
  (DATE '2023-02-01', 20289.8),
  (DATE '2023-03-01', 20438.8),
  (DATE '2023-04-01', 20553.0),
  (DATE '2023-05-01', 20660.8),
  (DATE '2023-06-01', 20739.2),
  (DATE '2023-07-01', 20804.4),
  (DATE '2023-08-01', 20896.8),
  (DATE '2023-09-01', 20982.8),
  (DATE '2023-10-01', 21065.7),
  (DATE '2023-11-01', 21171.5),
  (DATE '2023-12-01', 21267.0),
  (DATE '2024-01-01', 21480.9),
  (DATE '2024-02-01', 21571.0),
  (DATE '2024-03-01', 21674.2),
  (DATE '2024-04-01', 21754.1),
  (DATE '2024-05-01', 21847.5),
  (DATE '2024-06-01', 21928.1),
  (DATE '2024-07-01', 21953.2),
  (DATE '2024-08-01', 21992.2),
  (DATE '2024-09-01', 22062.3),
  (DATE '2024-10-01', 22171.5),
  (DATE '2024-11-01', 22247.7),
  (DATE '2024-12-01', 22329.3),
  (DATE '2025-01-01', 22435.3),
  (DATE '2025-02-01', 22551.4),
  (DATE '2025-03-01', 22704.4),
  (DATE '2025-04-01', 22873.1),
  (DATE '2025-05-01', 22722.6),
  (DATE '2025-06-01', 22764.1),
  (DATE '2025-07-01', 22903.1),
  (DATE '2025-08-01', 23009.0),
  (DATE '2025-09-01', 23091.6),
  (DATE '2025-10-01', 23095.8),
  (DATE '2025-11-01', 23166.5),
  (DATE '2025-12-01', 23232.9),
  (DATE '2026-01-01', 23459.4),
  (DATE '2026-02-01', 23459.3),
  (DATE '2026-03-01', 23601.9);

-- Populates income_stage.fodsp from CSV_Data_Files/FODSP.csv.
INSERT INTO income_stage.fodsp (observation_date, fodsp)
VALUES
  (DATE '2000-01-01', 16.645686),
  (DATE '2000-04-01', 16.755420),
  (DATE '2000-07-01', 16.873239),
  (DATE '2000-10-01', 17.069215),
  (DATE '2001-01-01', 17.166227),
  (DATE '2001-04-01', 17.422887),
  (DATE '2001-07-01', 17.307010),
  (DATE '2001-10-01', 17.785072),
  (DATE '2002-01-01', 17.449867),
  (DATE '2002-04-01', 17.289057),
  (DATE '2002-07-01', 17.277368),
  (DATE '2002-10-01', 17.205065),
  (DATE '2003-01-01', 17.204955),
  (DATE '2003-04-01', 17.105042),
  (DATE '2003-07-01', 16.875832),
  (DATE '2003-10-01', 16.962792),
  (DATE '2004-01-01', 16.964501),
  (DATE '2004-04-01', 16.883793),
  (DATE '2004-07-01', 17.031182),
  (DATE '2004-10-01', 17.024978),
  (DATE '2005-01-01', 17.488082),
  (DATE '2005-04-01', 17.500823),
  (DATE '2005-07-01', 17.537797),
  (DATE '2005-10-01', 17.523044),
  (DATE '2006-01-01', 17.494816),
  (DATE '2006-04-01', 17.549172),
  (DATE '2006-07-01', 17.697125),
  (DATE '2006-10-01', 17.816743),
  (DATE '2007-01-01', 17.833590),
  (DATE '2007-04-01', 17.881412),
  (DATE '2007-07-01', 18.022181),
  (DATE '2007-10-01', 18.157630),
  (DATE '2008-01-01', 18.063885),
  (DATE '2008-04-01', 17.608756),
  (DATE '2008-07-01', 17.766641),
  (DATE '2008-10-01', 17.772964),
  (DATE '2009-01-01', 17.745354),
  (DATE '2009-04-01', 17.405180),
  (DATE '2009-07-01', 17.337920),
  (DATE '2009-10-01', 17.021457),
  (DATE '2010-01-01', 16.708639),
  (DATE '2010-04-01', 16.315847),
  (DATE '2010-07-01', 16.122662),
  (DATE '2010-10-01', 15.962874),
  (DATE '2011-01-01', 15.720879),
  (DATE '2011-04-01', 15.635795),
  (DATE '2011-07-01', 15.516659),
  (DATE '2011-10-01', 15.431460),
  (DATE '2012-01-01', 15.221059),
  (DATE '2012-04-01', 15.131447),
  (DATE '2012-07-01', 15.280715),
  (DATE '2012-10-01', 14.879423),
  (DATE '2013-01-01', 15.468993),
  (DATE '2013-04-01', 15.374732),
  (DATE '2013-07-01', 15.336067),
  (DATE '2013-10-01', 15.375387),
  (DATE '2014-01-01', 15.279788),
  (DATE '2014-04-01', 15.190771),
  (DATE '2014-07-01', 15.151267),
  (DATE '2014-10-01', 15.072617),
  (DATE '2015-01-01', 15.088066),
  (DATE '2015-04-01', 15.119851),
  (DATE '2015-07-01', 15.187556),
  (DATE '2015-10-01', 15.140882),
  (DATE '2016-01-01', 15.109428),
  (DATE '2016-04-01', 15.223628),
  (DATE '2016-07-01', 15.259559),
  (DATE '2016-10-01', 15.176146),
  (DATE '2017-01-01', 15.047829),
  (DATE '2017-04-01', 14.962171),
  (DATE '2017-07-01', 14.929608),
  (DATE '2017-10-01', 14.906151),
  (DATE '2018-01-01', 14.815600),
  (DATE '2018-04-01', 14.748986),
  (DATE '2018-07-01', 14.710258),
  (DATE '2018-10-01', 14.713973),
  (DATE '2019-01-01', 14.662523),
  (DATE '2019-04-01', 14.734329),
  (DATE '2019-07-01', 14.743116),
  (DATE '2019-10-01', 14.712765),
  (DATE '2020-01-01', 14.609145),
  (DATE '2020-04-01', 13.251350),
  (DATE '2020-07-01', 13.671569),
  (DATE '2020-10-01', 13.963118),
  (DATE '2021-01-01', 12.429408),
  (DATE '2021-04-01', 13.592720),
  (DATE '2021-07-01', 13.863365),
  (DATE '2021-10-01', 14.014557),
  (DATE '2022-01-01', 14.305730),
  (DATE '2022-04-01', 14.348671),
  (DATE '2022-07-01', 14.351680),
  (DATE '2022-10-01', 14.397505),
  (DATE '2023-01-01', 14.123631),
  (DATE '2023-04-01', 14.109284),
  (DATE '2023-07-01', 14.198002);

-- Populates income_stage.mehoinusa646n from CSV_Data_Files/MEHOINUSA646N.csv.
INSERT INTO income_stage.mehoinusa646n (observation_date, mehoinusa646n)
VALUES
  (DATE '2000-01-01', 41990),
  (DATE '2001-01-01', 42230),
  (DATE '2002-01-01', 42410),
  (DATE '2003-01-01', 43320),
  (DATE '2004-01-01', 44330),
  (DATE '2005-01-01', 46330),
  (DATE '2006-01-01', 48200),
  (DATE '2007-01-01', 50230),
  (DATE '2008-01-01', 50300),
  (DATE '2009-01-01', 49780),
  (DATE '2010-01-01', 49280),
  (DATE '2011-01-01', 50050),
  (DATE '2012-01-01', 51020),
  (DATE '2013-01-01', 53590),
  (DATE '2014-01-01', 53660),
  (DATE '2015-01-01', 56520),
  (DATE '2016-01-01', 59040),
  (DATE '2017-01-01', 61140),
  (DATE '2018-01-01', 63180),
  (DATE '2019-01-01', 68700),
  (DATE '2020-01-01', 68010),
  (DATE '2021-01-01', 70780),
  (DATE '2022-01-01', 74580),
  (DATE '2023-01-01', 80610),
  (DATE '2024-01-01', 83730);

-- Populates income_stage.pi from CSV_Data_Files/PI.csv.
INSERT INTO income_stage.pi (observation_date, pi)
VALUES
  (DATE '2000-01-01', 8348.0),
  (DATE '2000-02-01', 8408.8),
  (DATE '2000-03-01', 8468.3),
  (DATE '2000-04-01', 8506.8),
  (DATE '2000-05-01', 8544.5),
  (DATE '2000-06-01', 8597.8),
  (DATE '2000-07-01', 8665.3),
  (DATE '2000-08-01', 8712.2),
  (DATE '2000-09-01', 8757.7),
  (DATE '2000-10-01', 8792.1),
  (DATE '2000-11-01', 8809.9),
  (DATE '2000-12-01', 8844.0),
  (DATE '2001-01-01', 8940.9),
  (DATE '2001-02-01', 8975.8),
  (DATE '2001-03-01', 9009.4),
  (DATE '2001-04-01', 9008.9),
  (DATE '2001-05-01', 9011.1),
  (DATE '2001-06-01', 9017.1),
  (DATE '2001-07-01', 9014.6),
  (DATE '2001-08-01', 9001.4),
  (DATE '2001-09-01', 8975.3),
  (DATE '2001-10-01', 8987.3),
  (DATE '2001-11-01', 8985.1),
  (DATE '2001-12-01', 8990.7),
  (DATE '2002-01-01', 9015.6),
  (DATE '2002-02-01', 9031.9),
  (DATE '2002-03-01', 9050.7),
  (DATE '2002-04-01', 9099.9),
  (DATE '2002-05-01', 9131.0),
  (DATE '2002-06-01', 9164.8),
  (DATE '2002-07-01', 9157.5),
  (DATE '2002-08-01', 9175.3),
  (DATE '2002-09-01', 9197.1),
  (DATE '2002-10-01', 9229.6),
  (DATE '2002-11-01', 9258.8),
  (DATE '2002-12-01', 9288.3),
  (DATE '2003-01-01', 9290.1),
  (DATE '2003-02-01', 9296.2),
  (DATE '2003-03-01', 9333.8),
  (DATE '2003-04-01', 9356.4),
  (DATE '2003-05-01', 9414.4),
  (DATE '2003-06-01', 9455.3),
  (DATE '2003-07-01', 9491.6),
  (DATE '2003-08-01', 9538.8),
  (DATE '2003-09-01', 9582.5),
  (DATE '2003-10-01', 9620.4),
  (DATE '2003-11-01', 9688.2),
  (DATE '2003-12-01', 9713.2),
  (DATE '2004-01-01', 9731.8),
  (DATE '2004-02-01', 9765.4),
  (DATE '2004-03-01', 9815.8),
  (DATE '2004-04-01', 9865.8),
  (DATE '2004-05-01', 9950.0),
  (DATE '2004-06-01', 9988.4),
  (DATE '2004-07-01', 10033.0),
  (DATE '2004-08-01', 10078.2),
  (DATE '2004-09-01', 10110.5),
  (DATE '2004-10-01', 10159.3),
  (DATE '2004-11-01', 10171.5),
  (DATE '2004-12-01', 10520.8),
  (DATE '2005-01-01', 10247.0),
  (DATE '2005-02-01', 10282.7),
  (DATE '2005-03-01', 10347.9),
  (DATE '2005-04-01', 10412.1),
  (DATE '2005-05-01', 10464.1),
  (DATE '2005-06-01', 10498.0),
  (DATE '2005-07-01', 10558.3),
  (DATE '2005-08-01', 10619.6),
  (DATE '2005-09-01', 10687.7),
  (DATE '2005-10-01', 10767.3),
  (DATE '2005-11-01', 10815.4),
  (DATE '2005-12-01', 10853.1),
  (DATE '2006-01-01', 11038.6),
  (DATE '2006-02-01', 11102.6),
  (DATE '2006-03-01', 11171.8),
  (DATE '2006-04-01', 11229.5),
  (DATE '2006-05-01', 11251.1),
  (DATE '2006-06-01', 11292.8),
  (DATE '2006-07-01', 11322.1),
  (DATE '2006-08-01', 11346.8),
  (DATE '2006-09-01', 11383.9),
  (DATE '2006-10-01', 11417.8),
  (DATE '2006-11-01', 11479.3),
  (DATE '2006-12-01', 11587.6),
  (DATE '2007-01-01', 11647.1),
  (DATE '2007-02-01', 11734.2),
  (DATE '2007-03-01', 11821.4),
  (DATE '2007-04-01', 11868.1),
  (DATE '2007-05-01', 11908.7),
  (DATE '2007-06-01', 11929.2),
  (DATE '2007-07-01', 11955.7),
  (DATE '2007-08-01', 11963.1),
  (DATE '2007-09-01', 12025.5),
  (DATE '2007-10-01', 12046.8),
  (DATE '2007-11-01', 12102.8),
  (DATE '2007-12-01', 12182.7),
  (DATE '2008-01-01', 12227.8),
  (DATE '2008-02-01', 12264.9),
  (DATE '2008-03-01', 12314.7),
  (DATE '2008-04-01', 12302.6),
  (DATE '2008-05-01', 12879.3),
  (DATE '2008-06-01', 12661.0),
  (DATE '2008-07-01', 12514.8),
  (DATE '2008-08-01', 12426.0),
  (DATE '2008-09-01', 12445.0),
  (DATE '2008-10-01', 12446.5),
  (DATE '2008-11-01', 12387.1),
  (DATE '2008-12-01', 12238.5),
  (DATE '2009-01-01', 12125.6),
  (DATE '2009-02-01', 12007.4),
  (DATE '2009-03-01', 11965.3),
  (DATE '2009-04-01', 12009.4),
  (DATE '2009-05-01', 12179.6),
  (DATE '2009-06-01', 12042.9),
  (DATE '2009-07-01', 11998.4),
  (DATE '2009-08-01', 12011.2),
  (DATE '2009-09-01', 12061.1),
  (DATE '2009-10-01', 12069.4),
  (DATE '2009-11-01', 12129.6),
  (DATE '2009-12-01', 12188.2),
  (DATE '2010-01-01', 12267.7),
  (DATE '2010-02-01', 12267.6),
  (DATE '2010-03-01', 12330.9),
  (DATE '2010-04-01', 12441.8),
  (DATE '2010-05-01', 12543.7),
  (DATE '2010-06-01', 12550.7),
  (DATE '2010-07-01', 12588.7),
  (DATE '2010-08-01', 12652.9),
  (DATE '2010-09-01', 12673.4),
  (DATE '2010-10-01', 12723.6),
  (DATE '2010-11-01', 12765.5),
  (DATE '2010-12-01', 12873.1),
  (DATE '2011-01-01', 13080.7),
  (DATE '2011-02-01', 13155.6),
  (DATE '2011-03-01', 13178.2),
  (DATE '2011-04-01', 13212.8),
  (DATE '2011-05-01', 13239.1),
  (DATE '2011-06-01', 13295.7),
  (DATE '2011-07-01', 13375.8),
  (DATE '2011-08-01', 13400.3),
  (DATE '2011-09-01', 13401.5),
  (DATE '2011-10-01', 13406.4),
  (DATE '2011-11-01', 13419.7),
  (DATE '2011-12-01', 13548.9),
  (DATE '2012-01-01', 13631.6),
  (DATE '2012-02-01', 13731.1),
  (DATE '2012-03-01', 13798.5),
  (DATE '2012-04-01', 13868.1),
  (DATE '2012-05-01', 13850.3),
  (DATE '2012-06-01', 13837.1),
  (DATE '2012-07-01', 13752.9),
  (DATE '2012-08-01', 13768.5),
  (DATE '2012-09-01', 13914.1),
  (DATE '2012-10-01', 14049.2),
  (DATE '2012-11-01', 14230.7),
  (DATE '2012-12-01', 14581.4),
  (DATE '2013-01-01', 13880.4),
  (DATE '2013-02-01', 13902.0),
  (DATE '2013-03-01', 13932.2),
  (DATE '2013-04-01', 13974.9),
  (DATE '2013-05-01', 14052.5),
  (DATE '2013-06-01', 14083.9),
  (DATE '2013-07-01', 14072.0),
  (DATE '2013-08-01', 14117.3),
  (DATE '2013-09-01', 14181.7),
  (DATE '2013-10-01', 14152.3),
  (DATE '2013-11-01', 14209.6),
  (DATE '2013-12-01', 14266.5),
  (DATE '2014-01-01', 14369.2),
  (DATE '2014-02-01', 14456.4),
  (DATE '2014-03-01', 14555.0),
  (DATE '2014-04-01', 14624.5),
  (DATE '2014-05-01', 14689.5),
  (DATE '2014-06-01', 14760.1),
  (DATE '2014-07-01', 14821.1),
  (DATE '2014-08-01', 14894.2),
  (DATE '2014-09-01', 14951.2),
  (DATE '2014-10-01', 15022.7),
  (DATE '2014-11-01', 15094.0),
  (DATE '2014-12-01', 15170.9),
  (DATE '2015-01-01', 15230.8),
  (DATE '2015-02-01', 15313.3),
  (DATE '2015-03-01', 15314.2),
  (DATE '2015-04-01', 15373.5),
  (DATE '2015-05-01', 15442.7),
  (DATE '2015-06-01', 15479.0),
  (DATE '2015-07-01', 15518.6),
  (DATE '2015-08-01', 15550.5),
  (DATE '2015-09-01', 15570.5),
  (DATE '2015-10-01', 15608.0),
  (DATE '2015-11-01', 15615.4),
  (DATE '2015-12-01', 15668.4),
  (DATE '2016-01-01', 15695.5),
  (DATE '2016-02-01', 15695.9),
  (DATE '2016-03-01', 15731.6),
  (DATE '2016-04-01', 15758.9),
  (DATE '2016-05-01', 15777.2),
  (DATE '2016-06-01', 15821.4),
  (DATE '2016-07-01', 15891.5),
  (DATE '2016-08-01', 15931.3),
  (DATE '2016-09-01', 15999.1),
  (DATE '2016-10-01', 16059.4),
  (DATE '2016-11-01', 16107.6),
  (DATE '2016-12-01', 16182.5),
  (DATE '2017-01-01', 16293.3),
  (DATE '2017-02-01', 16363.5),
  (DATE '2017-03-01', 16415.1),
  (DATE '2017-04-01', 16476.0),
  (DATE '2017-05-01', 16573.2),
  (DATE '2017-06-01', 16604.0),
  (DATE '2017-07-01', 16665.9),
  (DATE '2017-08-01', 16733.7),
  (DATE '2017-09-01', 16841.9),
  (DATE '2017-10-01', 16930.8),
  (DATE '2017-11-01', 16997.5),
  (DATE '2017-12-01', 17058.2),
  (DATE '2018-01-01', 17141.7),
  (DATE '2018-02-01', 17204.1),
  (DATE '2018-03-01', 17268.2),
  (DATE '2018-04-01', 17328.7),
  (DATE '2018-05-01', 17404.4),
  (DATE '2018-06-01', 17488.4),
  (DATE '2018-07-01', 17587.6),
  (DATE '2018-08-01', 17664.0),
  (DATE '2018-09-01', 17693.5),
  (DATE '2018-10-01', 17749.8),
  (DATE '2018-11-01', 17795.7),
  (DATE '2018-12-01', 18012.4),
  (DATE '2019-01-01', 18078.6),
  (DATE '2019-02-01', 18152.9),
  (DATE '2019-03-01', 18226.6),
  (DATE '2019-04-01', 18266.8),
  (DATE '2019-05-01', 18286.9),
  (DATE '2019-06-01', 18324.3),
  (DATE '2019-07-01', 18342.4),
  (DATE '2019-08-01', 18432.4),
  (DATE '2019-09-01', 18477.3),
  (DATE '2019-10-01', 18546.3),
  (DATE '2019-11-01', 18629.5),
  (DATE '2019-12-01', 18594.0),
  (DATE '2020-01-01', 18808.1),
  (DATE '2020-02-01', 18904.6),
  (DATE '2020-03-01', 18591.4),
  (DATE '2020-04-01', 20752.1),
  (DATE '2020-05-01', 19893.3),
  (DATE '2020-06-01', 19949.4),
  (DATE '2020-07-01', 20199.6),
  (DATE '2020-08-01', 19597.4),
  (DATE '2020-09-01', 19758.2),
  (DATE '2020-10-01', 19763.6),
  (DATE '2020-11-01', 19620.7),
  (DATE '2020-12-01', 19741.5),
  (DATE '2021-01-01', 21826.1),
  (DATE '2021-02-01', 20313.1),
  (DATE '2021-03-01', 24535.1),
  (DATE '2021-04-01', 21372.5),
  (DATE '2021-05-01', 20970.3),
  (DATE '2021-06-01', 21008.4),
  (DATE '2021-07-01', 21234.4),
  (DATE '2021-08-01', 21285.2),
  (DATE '2021-09-01', 21164.2),
  (DATE '2021-10-01', 21330.9),
  (DATE '2021-11-01', 21439.1),
  (DATE '2021-12-01', 21507.6),
  (DATE '2022-01-01', 21503.8),
  (DATE '2022-02-01', 21649.2),
  (DATE '2022-03-01', 21747.5),
  (DATE '2022-04-01', 21821.7),
  (DATE '2022-05-01', 21907.2),
  (DATE '2022-06-01', 22011.1),
  (DATE '2022-07-01', 22218.4),
  (DATE '2022-08-01', 22357.1),
  (DATE '2022-09-01', 22487.0),
  (DATE '2022-10-01', 22636.4),
  (DATE '2022-11-01', 22705.7),
  (DATE '2022-12-01', 22800.5),
  (DATE '2023-01-01', 22965.0),
  (DATE '2023-02-01', 23113.0),
  (DATE '2023-03-01', 23248.0),
  (DATE '2023-04-01', 23359.9),
  (DATE '2023-05-01', 23468.5),
  (DATE '2023-06-01', 23556.2),
  (DATE '2023-07-01', 23635.2),
  (DATE '2023-08-01', 23737.7),
  (DATE '2023-09-01', 23833.1),
  (DATE '2023-10-01', 23919.7),
  (DATE '2023-11-01', 24038.2),
  (DATE '2023-12-01', 24145.9),
  (DATE '2024-01-01', 24363.4),
  (DATE '2024-02-01', 24475.0),
  (DATE '2024-03-01', 24597.8),
  (DATE '2024-04-01', 24690.5),
  (DATE '2024-05-01', 24807.7),
  (DATE '2024-06-01', 24904.1),
  (DATE '2024-07-01', 24950.8),
  (DATE '2024-08-01', 25013.0),
  (DATE '2024-09-01', 25101.3),
  (DATE '2024-10-01', 25226.6),
  (DATE '2024-11-01', 25322.1),
  (DATE '2024-12-01', 25418.6),
  (DATE '2025-01-01', 25570.5),
  (DATE '2025-02-01', 25705.4),
  (DATE '2025-03-01', 25877.3),
  (DATE '2025-04-01', 26061.1),
  (DATE '2025-05-01', 25925.8),
  (DATE '2025-06-01', 25975.7),
  (DATE '2025-07-01', 26149.6),
  (DATE '2025-08-01', 26278.1),
  (DATE '2025-09-01', 26381.0),
  (DATE '2025-10-01', 26405.7),
  (DATE '2025-11-01', 26494.8),
  (DATE '2025-12-01', 26565.7),
  (DATE '2026-01-01', 26695.1),
  (DATE '2026-02-01', 26695.3),
  (DATE '2026-03-01', 26844.5);

-- Populates income_stage.rpi from CSV_Data_Files/RPI.csv.
INSERT INTO income_stage.rpi (observation_date, rpi)
VALUES
  (DATE '2000-01-01', 11441.669),
  (DATE '2000-02-01', 11488.814),
  (DATE '2000-03-01', 11520.777),
  (DATE '2000-04-01', 11582.719),
  (DATE '2000-05-01', 11624.340),
  (DATE '2000-06-01', 11657.461),
  (DATE '2000-07-01', 11719.570),
  (DATE '2000-08-01', 11783.694),
  (DATE '2000-09-01', 11794.536),
  (DATE '2000-10-01', 11824.829),
  (DATE '2000-11-01', 11832.213),
  (DATE '2000-12-01', 11859.860),
  (DATE '2001-01-01', 11932.006),
  (DATE '2001-02-01', 11960.086),
  (DATE '2001-03-01', 12003.752),
  (DATE '2001-04-01', 11981.996),
  (DATE '2001-05-01', 11953.393),
  (DATE '2001-06-01', 11940.340),
  (DATE '2001-07-01', 11940.991),
  (DATE '2001-08-01', 11924.877),
  (DATE '2001-09-01', 11930.997),
  (DATE '2001-10-01', 11904.934),
  (DATE '2001-11-01', 11910.073),
  (DATE '2001-12-01', 11929.854),
  (DATE '2002-01-01', 11952.127),
  (DATE '2002-02-01', 11953.580),
  (DATE '2002-03-01', 11946.054),
  (DATE '2002-04-01', 11960.946),
  (DATE '2002-05-01', 11993.987),
  (DATE '2002-06-01', 12023.360),
  (DATE '2002-07-01', 11987.388),
  (DATE '2002-08-01', 11987.158),
  (DATE '2002-09-01', 11994.021),
  (DATE '2002-10-01', 12014.380),
  (DATE '2002-11-01', 12040.567),
  (DATE '2002-12-01', 12067.267),
  (DATE '2003-01-01', 12033.660),
  (DATE '2003-02-01', 11991.075),
  (DATE '2003-03-01', 12008.784),
  (DATE '2003-04-01', 12058.250),
  (DATE '2003-05-01', 12147.017),
  (DATE '2003-06-01', 12186.558),
  (DATE '2003-07-01', 12197.554),
  (DATE '2003-08-01', 12216.821),
  (DATE '2003-09-01', 12234.634),
  (DATE '2003-10-01', 12281.469),
  (DATE '2003-11-01', 12352.377),
  (DATE '2003-12-01', 12356.981),
  (DATE '2004-01-01', 12332.995),
  (DATE '2004-02-01', 12349.224),
  (DATE '2004-03-01', 12393.884),
  (DATE '2004-04-01', 12433.863),
  (DATE '2004-05-01', 12499.431),
  (DATE '2004-06-01', 12511.921),
  (DATE '2004-07-01', 12556.147),
  (DATE '2004-08-01', 12606.222),
  (DATE '2004-09-01', 12621.706),
  (DATE '2004-10-01', 12628.422),
  (DATE '2004-11-01', 12595.005),
  (DATE '2004-12-01', 13020.595),
  (DATE '2005-01-01', 12665.162),
  (DATE '2005-02-01', 12674.095),
  (DATE '2005-03-01', 12716.359),
  (DATE '2005-04-01', 12759.492),
  (DATE '2005-05-01', 12815.998),
  (DATE '2005-06-01', 12849.466),
  (DATE '2005-07-01', 12868.735),
  (DATE '2005-08-01', 12891.416),
  (DATE '2005-09-01', 12850.144),
  (DATE '2005-10-01', 12925.110),
  (DATE '2005-11-01', 13010.071),
  (DATE '2005-12-01', 13055.374),
  (DATE '2006-01-01', 13214.527),
  (DATE '2006-02-01', 13283.182),
  (DATE '2006-03-01', 13340.072),
  (DATE '2006-04-01', 13347.045),
  (DATE '2006-05-01', 13336.874),
  (DATE '2006-06-01', 13353.303),
  (DATE '2006-07-01', 13342.387),
  (DATE '2006-08-01', 13329.621),
  (DATE '2006-09-01', 13408.301),
  (DATE '2006-10-01', 13479.950),
  (DATE '2006-11-01', 13547.935),
  (DATE '2006-12-01', 13627.346),
  (DATE '2007-01-01', 13651.743),
  (DATE '2007-02-01', 13711.191),
  (DATE '2007-03-01', 13762.811),
  (DATE '2007-04-01', 13784.697),
  (DATE '2007-05-01', 13791.861),
  (DATE '2007-06-01', 13786.416),
  (DATE '2007-07-01', 13795.953),
  (DATE '2007-08-01', 13795.066),
  (DATE '2007-09-01', 13813.791),
  (DATE '2007-10-01', 13796.513),
  (DATE '2007-11-01', 13787.506),
  (DATE '2007-12-01', 13846.539),
  (DATE '2008-01-01', 13862.766),
  (DATE '2008-02-01', 13877.177),
  (DATE '2008-03-01', 13893.695),
  (DATE '2008-04-01', 13854.440),
  (DATE '2008-05-01', 14441.892),
  (DATE '2008-06-01', 14094.894),
  (DATE '2008-07-01', 13867.615),
  (DATE '2008-08-01', 13780.340),
  (DATE '2008-09-01', 13789.923),
  (DATE '2008-10-01', 13883.254),
  (DATE '2008-11-01', 13982.019),
  (DATE '2008-12-01', 13891.878),
  (DATE '2009-01-01', 13762.240),
  (DATE '2009-02-01', 13603.699),
  (DATE '2009-03-01', 13570.847),
  (DATE '2009-04-01', 13601.477),
  (DATE '2009-05-01', 13779.884),
  (DATE '2009-06-01', 13544.781),
  (DATE '2009-07-01', 13493.206),
  (DATE '2009-08-01', 13468.487),
  (DATE '2009-09-01', 13502.606),
  (DATE '2009-10-01', 13460.827),
  (DATE '2009-11-01', 13494.222),
  (DATE '2009-12-01', 13551.644),
  (DATE '2010-01-01', 13610.249),
  (DATE '2010-02-01', 13610.405),
  (DATE '2010-03-01', 13661.363),
  (DATE '2010-04-01', 13776.728),
  (DATE '2010-05-01', 13885.106),
  (DATE '2010-06-01', 13898.726),
  (DATE '2010-07-01', 13928.888),
  (DATE '2010-08-01', 13980.745),
  (DATE '2010-09-01', 13989.519),
  (DATE '2010-10-01', 14000.339),
  (DATE '2010-11-01', 14018.501),
  (DATE '2010-12-01', 14104.762),
  (DATE '2011-01-01', 14289.288),
  (DATE '2011-02-01', 14331.186),
  (DATE '2011-03-01', 14298.318),
  (DATE '2011-04-01', 14275.294),
  (DATE '2011-05-01', 14260.443),
  (DATE '2011-06-01', 14324.383),
  (DATE '2011-07-01', 14386.123),
  (DATE '2011-08-01', 14378.666),
  (DATE '2011-09-01', 14359.760),
  (DATE '2011-10-01', 14364.710),
  (DATE '2011-11-01', 14349.583),
  (DATE '2011-12-01', 14479.330),
  (DATE '2012-01-01', 14518.055),
  (DATE '2012-02-01', 14591.389),
  (DATE '2012-03-01', 14635.020),
  (DATE '2012-04-01', 14689.558),
  (DATE '2012-05-01', 14687.217),
  (DATE '2012-06-01', 14680.673),
  (DATE '2012-07-01', 14586.106),
  (DATE '2012-08-01', 14553.669),
  (DATE '2012-09-01', 14662.932),
  (DATE '2012-10-01', 14761.628),
  (DATE '2012-11-01', 14962.471),
  (DATE '2012-12-01', 15333.647),
  (DATE '2013-01-01', 14568.746),
  (DATE '2013-02-01', 14539.752),
  (DATE '2013-03-01', 14590.576),
  (DATE '2013-04-01', 14650.083),
  (DATE '2013-05-01', 14720.700),
  (DATE '2013-06-01', 14720.820),
  (DATE '2013-07-01', 14690.118),
  (DATE '2013-08-01', 14715.624),
  (DATE '2013-09-01', 14776.266),
  (DATE '2013-10-01', 14726.182),
  (DATE '2013-11-01', 14763.876),
  (DATE '2013-12-01', 14797.116),
  (DATE '2014-01-01', 14872.775),
  (DATE '2014-02-01', 14955.901),
  (DATE '2014-03-01', 15033.859),
  (DATE '2014-04-01', 15078.809),
  (DATE '2014-05-01', 15120.855),
  (DATE '2014-06-01', 15177.060),
  (DATE '2014-07-01', 15218.177),
  (DATE '2014-08-01', 15295.125),
  (DATE '2014-09-01', 15348.309),
  (DATE '2014-10-01', 15426.259),
  (DATE '2014-11-01', 15514.307),
  (DATE '2014-12-01', 15620.730),
  (DATE '2015-01-01', 15758.015),
  (DATE '2015-02-01', 15815.476),
  (DATE '2015-03-01', 15786.489),
  (DATE '2015-04-01', 15833.624),
  (DATE '2015-05-01', 15866.779),
  (DATE '2015-06-01', 15873.338),
  (DATE '2015-07-01', 15899.390),
  (DATE '2015-08-01', 15930.975),
  (DATE '2015-09-01', 15973.484),
  (DATE '2015-10-01', 16012.028),
  (DATE '2015-11-01', 16009.520),
  (DATE '2015-12-01', 16077.429),
  (DATE '2016-01-01', 16098.568),
  (DATE '2016-02-01', 16107.427),
  (DATE '2016-03-01', 16106.421),
  (DATE '2016-04-01', 16081.685),
  (DATE '2016-05-01', 16074.046),
  (DATE '2016-06-01', 16090.905),
  (DATE '2016-07-01', 16159.383),
  (DATE '2016-08-01', 16177.334),
  (DATE '2016-09-01', 16215.456),
  (DATE '2016-10-01', 16243.304),
  (DATE '2016-11-01', 16286.542),
  (DATE '2016-12-01', 16334.247),
  (DATE '2017-01-01', 16383.236),
  (DATE '2017-02-01', 16431.536),
  (DATE '2017-03-01', 16491.770),
  (DATE '2017-04-01', 16521.430),
  (DATE '2017-05-01', 16626.085),
  (DATE '2017-06-01', 16642.946),
  (DATE '2017-07-01', 16698.803),
  (DATE '2017-08-01', 16729.216),
  (DATE '2017-09-01', 16774.796),
  (DATE '2017-10-01', 16841.324),
  (DATE '2017-11-01', 16883.564),
  (DATE '2017-12-01', 16919.258),
  (DATE '2018-01-01', 16938.615),
  (DATE '2018-02-01', 16963.881),
  (DATE '2018-03-01', 17008.963),
  (DATE '2018-04-01', 17028.008),
  (DATE '2018-05-01', 17072.967),
  (DATE '2018-06-01', 17140.662),
  (DATE '2018-07-01', 17219.586),
  (DATE '2018-08-01', 17282.357),
  (DATE '2018-09-01', 17275.742),
  (DATE '2018-10-01', 17300.819),
  (DATE '2018-11-01', 17339.645),
  (DATE '2018-12-01', 17538.653),
  (DATE '2019-01-01', 17612.196),
  (DATE '2019-02-01', 17652.296),
  (DATE '2019-03-01', 17683.871),
  (DATE '2019-04-01', 17673.034),
  (DATE '2019-05-01', 17679.590),
  (DATE '2019-06-01', 17707.372),
  (DATE '2019-07-01', 17701.297),
  (DATE '2019-08-01', 17779.850),
  (DATE '2019-09-01', 17812.342),
  (DATE '2019-10-01', 17847.211),
  (DATE '2019-11-01', 17908.820),
  (DATE '2019-12-01', 17826.208),
  (DATE '2020-01-01', 17999.946),
  (DATE '2020-02-01', 18077.882),
  (DATE '2020-03-01', 17829.921),
  (DATE '2020-04-01', 19985.052),
  (DATE '2020-05-01', 19138.808),
  (DATE '2020-06-01', 19132.418),
  (DATE '2020-07-01', 19315.344),
  (DATE '2020-08-01', 18687.291),
  (DATE '2020-09-01', 18807.121),
  (DATE '2020-10-01', 18795.411),
  (DATE '2020-11-01', 18640.614),
  (DATE '2020-12-01', 18677.122),
  (DATE '2021-01-01', 20562.164),
  (DATE '2021-02-01', 19073.360),
  (DATE '2021-03-01', 22918.422),
  (DATE '2021-04-01', 19859.600),
  (DATE '2021-05-01', 19385.541),
  (DATE '2021-06-01', 19316.247),
  (DATE '2021-07-01', 19435.463),
  (DATE '2021-08-01', 19407.737),
  (DATE '2021-09-01', 19234.211),
  (DATE '2021-10-01', 19258.340),
  (DATE '2021-11-01', 19227.878),
  (DATE '2021-12-01', 19170.498),
  (DATE '2022-01-01', 19062.795),
  (DATE '2022-02-01', 19079.074),
  (DATE '2022-03-01', 18998.629),
  (DATE '2022-04-01', 19006.440),
  (DATE '2022-05-01', 18963.136),
  (DATE '2022-06-01', 18871.331),
  (DATE '2022-07-01', 19050.186),
  (DATE '2022-08-01', 19115.806),
  (DATE '2022-09-01', 19158.931),
  (DATE '2022-10-01', 19196.543),
  (DATE '2022-11-01', 19205.667),
  (DATE '2022-12-01', 19259.807),
  (DATE '2023-01-01', 19295.401),
  (DATE '2023-02-01', 19362.608),
  (DATE '2023-03-01', 19448.229),
  (DATE '2023-04-01', 19474.528),
  (DATE '2023-05-01', 19532.638),
  (DATE '2023-06-01', 19553.713),
  (DATE '2023-07-01', 19596.868),
  (DATE '2023-08-01', 19622.827),
  (DATE '2023-09-01', 19628.768),
  (DATE '2023-10-01', 19689.563),
  (DATE '2023-11-01', 19785.645),
  (DATE '2023-12-01', 19847.006),
  (DATE '2024-01-01', 19932.436),
  (DATE '2024-02-01', 19963.623),
  (DATE '2024-03-01', 19992.037),
  (DATE '2024-04-01', 20018.113),
  (DATE '2024-05-01', 20111.997),
  (DATE '2024-06-01', 20158.900),
  (DATE '2024-07-01', 20164.512),
  (DATE '2024-08-01', 20189.814),
  (DATE '2024-09-01', 20216.213),
  (DATE '2024-10-01', 20263.282),
  (DATE '2024-11-01', 20316.650),
  (DATE '2024-12-01', 20338.298),
  (DATE '2025-01-01', 20388.396),
  (DATE '2025-02-01', 20413.875),
  (DATE '2025-03-01', 20547.128),
  (DATE '2025-04-01', 20658.839),
  (DATE '2025-05-01', 20514.160),
  (DATE '2025-06-01', 20494.762),
  (DATE '2025-07-01', 20596.762),
  (DATE '2025-08-01', 20643.762),
  (DATE '2025-09-01', 20670.742),
  (DATE '2025-10-01', 20650.233),
  (DATE '2025-11-01', 20674.490),
  (DATE '2025-12-01', 20661.473),
  (DATE '2026-01-01', 20693.876),
  (DATE '2026-02-01', 20616.658),
  (DATE '2026-03-01', 20595.111);

SELECT
  'income_stage.dspi' AS staging_table,
  COUNT(*) AS row_count
FROM income_stage.dspi
UNION ALL
SELECT
  'income_stage.fodsp',
  COUNT(*)
FROM income_stage.fodsp
UNION ALL
SELECT
  'income_stage.mehoinusa646n',
  COUNT(*)
FROM income_stage.mehoinusa646n
UNION ALL
SELECT
  'income_stage.pi',
  COUNT(*)
FROM income_stage.pi
UNION ALL
SELECT
  'income_stage.rpi',
  COUNT(*)
FROM income_stage.rpi;
